id,title,artist,year,medium,era,political_context,institution,subject_matter,gender_of_artist,race_ethnicity_of_artist,political_impact_rating,historical_event_depicted_or_influenced,themes,significance,source_used,notes
1,Paul Revere's Engraving of the Boston Massacre,Paul Revere (after Henry Pelham),1770,Engraving/print,Colonial & Revolutionary,Pre-Revolutionary agitation,Library of Congress / multiple,British soldiers firing on colonists; orderly massacre framing,Male,White,5/5,Boston Massacre (1770),"Colonial resistance; propaganda; anti-British sentiment; media manipulation","One of the most politically consequential images in American history — Revere's engraving was widely distributed and deliberately falsified to inflame anti-British sentiment; directly fed revolutionary mobilization","Library of Congress catalog","Revere copied it from Henry Pelham without credit; its propagandistic distortion is itself historically significant"
2,Join or Die,Benjamin Franklin,1754,Political cartoon/woodcut,Colonial & Revolutionary,French and Indian War; colonial unity,Library of Congress,Severed snake divided into colonial segments,Male,White,5/5,Albany Congress (1754); later the American Revolution,"Colonial unity; political cartoon as weapon; national identity origins","First American political cartoon; republished during Revolution as call for colonial unity; invented the genre of American political visual rhetoric","Library of Congress catalog","Originally for French and Indian War; reused 1765–1776 as revolutionary symbol"
3,Washington Crossing the Delaware,Emanuel Leutze,1851,Oil on canvas,Colonial & Revolutionary,Nationalism / Manifest Destiny era retrospective,Metropolitan Museum of Art,"Washington; soldiers; ice-filled river; dawn crossing",Male,White (German-American),4/5,Battle of Trenton (1776),"Heroic nationalism; myth-making; leadership; American resilience","Painted during 1848 European revolutions as inspiration for democratic movements; became defining image of American heroic leadership","Met Museum catalog","Painted in Düsseldorf, not America; deliberately mythologized scale and composition"
4,The Apotheosis of Washington,Constantino Brumidi,1865,Fresco (ceiling),Colonial & Revolutionary,Post-Civil War national unity,US Capitol (Rotunda ceiling),Washington ascending to godhood surrounded by allegorical figures,Male,White (Italian-American),4/5,Civil War end; national reunification,"Civil religion; founding mythology; American exceptionalism","Completed the year the Civil War ended; fuses classical mythology with American founding to produce a civic religion","Architect of the Capitol records",""
5,Declaration of Independence (painting),John Trumbull,1818,Oil on canvas,Colonial & Revolutionary,Early Republic nationalism,US Capitol Rotunda,Founding Fathers presenting the Declaration,Male,White,4/5,Declaration of Independence (1776),"National founding mythology; democratic ideals; selective memory","Commissioned for the Capitol Rotunda; became the dominant visual memory of the founding; notably excludes enslaved people from a document signed by slaveholders","Architect of the Capitol records","Trumbull worked from life for some portraits; others reconstructed"
6,The Death of General Wolfe,Benjamin West,1770,Oil on canvas,Colonial & Revolutionary,British-American imperial identity,National Gallery of Canada,Dying British general surrounded by soldiers; Indigenous observer,Male,White (American-born),4/5,Battle of the Plains of Abraham (1759),"Empire; sacrifice; Indigenous witness; war heroism","First major painting to depict contemporary figures in modern dress rather than classical costume; shaped how war death was visualized; Indigenous figure later analyzed as colonial symbol","NGA Canada catalog","West was American-born; painting held in Canada; pivotal influence on American history painting"
7,Slavery as It Exists in America / Slavery as It Exists in England (abolitionist broadside),Unidentified artist,1850,Lithograph/broadside,Civil War & Reconstruction,Antebellum abolitionist movement,Library of Congress,Side-by-side comparison of slavery and English poverty,Unknown,Unknown,4/5,Antebellum slavery debate,"Abolitionism; counter-propaganda; visual argument; transatlantic debate","Broadside distributed to counter pro-slavery argument that English workers fared worse; shows how visual media shaped abolition debate","Library of Congress catalog","Part of a vast genre of antebellum abolitionist visual culture"
8,Am I Not a Man and a Brother (Wedgwood medallion),Josiah Wedgwood / abolitionist design,1787,Ceramic medallion,Civil War & Reconstruction,British abolitionist movement widely circulated in US,Multiple collections,Kneeling enslaved man in chains; supplicant pose,Unknown,White,4/5,Transatlantic abolitionist movement,"Slavery; humanitarian appeal; paternalism; abolitionist iconography","One of the most widely reproduced anti-slavery images; circulated in US as abolitionist pamphlet illustration; its paternalistic framing later criticized by Black scholars","Various collections","British origin; central to American abolitionist visual culture"
9,The Scourged Back (Gordon / Whipped Peter photograph),Mathew Brady Studio (McPherson & Oliver),1863,Albumen silver photograph,Civil War & Reconstruction,Civil War abolitionist propaganda,Library of Congress,Scarred back of an escaped enslaved man named Gordon,Male,White (photographers),5/5,Civil War; abolitionism; Emancipation Proclamation,"Evidence of slavery's brutality; photographic truth; propaganda; Black body as testimony","Published in Harper's Weekly 1863; reached millions; used as recruiting tool for Black Union soldiers; changed Northern public opinion on slavery","Library of Congress catalog","Gordon (known as 'Whipped Peter') escaped to Union lines; his name and story were later recovered by historians"
10,A Ride for Liberty — The Fugitive Slaves,Eastman Johnson,1862,Oil on canvas,Civil War & Reconstruction,Civil War; Underground Railroad,Brooklyn Museum,Black family on horseback fleeing at dawn,Male,White,4/5,Civil War; Underground Railroad,"Black agency; freedom; family; risk","Johnson witnessed a similar escape near Manassas; one of few pre-Emancipation paintings depicting Black self-liberation rather than passive suffering","Brooklyn Museum catalog",""
11,The First Vote,Alfred R. Waud,1867,Wood engraving (Harper's Weekly),Civil War & Reconstruction,Reconstruction; Black suffrage,Library of Congress,Black men lining up to vote for the first time,Male,White,5/5,Reconstruction; 15th Amendment (1870),"Black suffrage; Reconstruction promise; citizenship","Published in Harper's Weekly Nov. 1867; documented the revolutionary moment of Black male enfranchisement; widely circulated nationally","Library of Congress / Harper's Weekly archive",""
12,Worse than Slavery,Thomas Nast,1874,Political cartoon (Harper's Weekly),Civil War & Reconstruction,Redemption era; KKK violence; end of Reconstruction,Harper's Weekly archive,KKK and White League figures clasping hands over Black family huddled in terror,Male,White (German-American),5/5,End of Reconstruction; KKK violence,"Racial terror; Redemption; Reconstruction betrayal; political cartoon as documentation","Nast's cartoons were read by millions; Lincoln called him 'our best recruiting sergeant'; this image directly named the terror dismantling Reconstruction","Harper's Weekly archive","Nast also invented the visual image of Santa Claus and the Democratic donkey/Republican elephant"
13,Boss Tweed cartoon series,Thomas Nast,1869-1872,Political cartoons (Harper's Weekly),Civil War & Reconstruction,Tammany Hall corruption; Gilded Age,Harper's Weekly archive,Rotund corrupt politician; money bags; Tammany tiger,Male,White (German-American),5/5,Tammany Hall; Boss Tweed's arrest (1873),"Political corruption; press freedom; cartoon as political weapon","Tweed allegedly said 'stop them damn pictures'; Nast's cartoons directly contributed to Tweed's downfall and arrest; established political cartooning as a democratic institution","Harper's Weekly archive",""
14,Freedman's Bureau broadside and imagery,Various illustrators,1866,Lithograph/broadside,Civil War & Reconstruction,Reconstruction policy debate,Library of Congress,Black and white figures; Bureau as mediator,Unknown,Unknown,3/5,Freedmen's Bureau (1865–1872),"Reconstruction; federal intervention; Black citizenship; political symbolism","Visual materials surrounding the Bureau documented and shaped public debate about federal responsibility to formerly enslaved people","Library of Congress catalog","Genre entry representing Reconstruction-era visual culture broadly"
15,The Homestead Strike (illustrated coverage),Various (Harper's Weekly / Frank Leslie's),1892,Illustrated journalism engravings,Civil War & Reconstruction (late),Labor movement; Gilded Age inequality,Library of Congress,Armed Pinkerton agents; striking steel workers; river battle,Male,White,4/5,Homestead Strike (1892),"Labor rights; corporate power; class warfare; press coverage","Illustrated newspapers brought the Homestead battle into middle-class homes; shaped public sympathy and the labor rights debate","Library of Congress / Harper's Weekly archive",""
16,In the Land of the Free,Ng Poon Chew / illustrated publications,1919,Editorial cartoon,20th Century,Chinese Exclusion Act; immigration racism,Bancroft Library UC Berkeley,Chinese man separated from family by 'Law' figure; Statue of Liberty in background,Male,Chinese American,5/5,Chinese Exclusion Act (1882); Immigration Act (1917),"Immigration; racial exclusion; irony of American freedom","Published in Chinese-language press; one of the most pointed visual critiques of American immigration racism by an Asian American voice","Bancroft Library catalog","Ng Poon Chew was a pioneering Chinese American journalist"
17,I Want You for U.S. Army (Uncle Sam poster),James Montgomery Flagg,1917,Lithograph poster,20th Century,WWI military recruitment,Library of Congress,Uncle Sam pointing directly at viewer,Male,White,5/5,US entry into WWI (1917),"Nationalism; military service; direct address; civic duty","Most reproduced poster in American history (over 4 million copies in WWI alone); recycled for WWII; defined Uncle Sam's visual identity","Library of Congress catalog","Flagg used his own face as the model for Uncle Sam"
18,Destroy This Mad Brute (WWI recruitment poster),H.R. Hopps,1917,Lithograph poster,20th Century,WWI anti-German propaganda,Library of Congress,Gorilla with spiked helmet carrying a woman labeled 'Europe'; clubs labeled 'Kultur',Male,White,4/5,US entry into WWI; anti-German propaganda,"Dehumanization; war propaganda; racial/bestial imagery; fear","Exemplifies WWI propaganda's use of racist dehumanization; shaped American public opinion toward entering the war","Library of Congress catalog",""
19,Migrant Mother,Dorothea Lange,1936,Gelatin silver photograph,20th Century,Great Depression; FSA documentary program,Library of Congress,"Florence Owens Thompson with children; worry; hunger",Female,White,5/5,Great Depression; New Deal Farm Security Administration,"Poverty; motherhood; documentary ethics; government intervention","Commissioned by the FSA to build political support for New Deal relief programs; became the defining image of the Depression; subject Florence Owens Thompson was later identified as Oklahoman of Cherokee descent","Library of Congress catalog","Lange never paid Thompson; Thompson later said she wished the photo had never been taken — raises ethics of documentary photography"
20,We Can Do It! (Rosie the Riveter),J. Howard Miller,1943,Lithograph poster,20th Century,WWII homefront; women in wartime labor,National Archives,Woman in polka-dot bandana flexing bicep,Male,White,5/5,WWII homefront mobilization; women entering workforce,"Women's labor; wartime gender shift; female strength; later feminist icon","Originally an internal Westinghouse factory poster; rediscovered in 1980s and became feminist icon; its meaning transformed entirely from wartime morale to women's liberation","National Archives catalog","The 'Rosie' identity attached to this image retroactively; Norman Rockwell's Saturday Evening Post Rosie is a different image"
21,Saturday Evening Post Rosie the Riveter,Norman Rockwell,1943,Oil on canvas (magazine cover),20th Century,WWII homefront,Norman Rockwell Museum,Muscular woman in overalls eating lunch; foot on Mein Kampf,Male,White,4/5,WWII homefront; women's labor,"Female power; wartime patriotism; working class; anti-fascism","Rockwell's Rosie was more explicitly political than the Miller poster — her foot resting on Hitler's book makes the ideological stakes clear","Norman Rockwell Museum catalog","Now often overshadowed by the Miller poster but considered more artistically complex"
22,Executive Order 9066 visual record — Dorothea Lange's Japanese internment photographs,Dorothea Lange,1942,Gelatin silver photographs,20th Century,Japanese American internment; WWII,National Archives / Bancroft Library,Japanese Americans being evacuated; families with luggage tags; Manzanar,Female,White,5/5,Executive Order 9066; Japanese American internment (1942),"Civil liberties; racial targeting; government power; documentary witness","The Army confiscated Lange's negatives for the duration of the war because they were too damning; released after WWII as evidence of the policy's human cost","National Archives / Bancroft Library","Government censorship of these images is itself part of their political history"
23,No Japs Allowed (signage documentation),Various documentary photographers,1940s,Photograph,20th Century,Japanese American exclusion,National Archives,Signs barring Japanese Americans from businesses and neighborhoods,Multiple,Multiple,4/5,Japanese American internment; racial exclusion,"Racial segregation; civil rights; property rights; systemic exclusion","Photographic documentation of exclusion signs became evidence in postwar and redress debates; visualized the texture of institutionalized racism","National Archives catalog","Documentary evidence category"
24,Four Freedoms series (Freedom of Speech),Norman Rockwell,1943,Oil on canvas (Saturday Evening Post),20th Century,WWII; FDR's Four Freedoms speech,Norman Rockwell Museum,Working man standing to speak at a town meeting,Male,White,5/5,FDR's Four Freedoms speech (1941); WWII ideological framing,"Freedom of speech; democratic participation; American ideals; wartime morale","FDR's speech articulated war aims as universal freedoms; Rockwell's paintings became the most widely circulated illustrations of American democratic values in history","Norman Rockwell Museum catalog","The series raised over $132 million in war bonds"
25,Four Freedoms series (Freedom from Want),Norman Rockwell,1943,Oil on canvas (Saturday Evening Post),20th Century,WWII; American abundance vs. Axis scarcity,Norman Rockwell Museum,Family gathered at Thanksgiving table; grandmother serving turkey,Male,White,4/5,WWII homefront ideology; American prosperity narrative,"Abundance; family; American Dream; ideological warfare","Used to contrast American prosperity with Axis-dominated Europe; later critiqued for its exclusion of non-white families from its vision of 'American' abundance","Norman Rockwell Museum catalog",""
26,The Problem We All Live With,Norman Rockwell,1964,Oil on canvas,20th Century,Civil Rights Movement; school desegregation,Norman Rockwell Museum,Ruby Bridges escorted by US Marshals; racial slur on wall,Male,White,5/5,New Orleans school desegregation (1960); Civil Rights Act (1964),"Civil rights; childhood innocence; state protection; racial hatred","Published in Look magazine; Robert F. Kennedy hung it outside the Oval Office during a meeting with civil rights leaders; one of the most politically resonant American paintings of the 20th century","Norman Rockwell Museum catalog","Rockwell left the Saturday Evening Post specifically to paint civil rights subjects they refused to publish"
27,The Murder of Emmett Till (documentation and press photography),Various press photographers,1955,Press photographs,20th Century,Civil Rights Movement; anti-lynching,NAACP archives / Jet Magazine,Open casket showing Till's brutalized face,Multiple,Black/African American (Jet photographers),5/5,Murder of Emmett Till (1955); Civil Rights mobilization,"Lynching; racial terror; mother's choice; media as witness","Mamie Till insisted on an open casket and allowed Jet Magazine to publish the photographs; she said she wanted the world to see what they did to her son; the images directly catalyzed the Civil Rights Movement","Jet Magazine archive / NAACP archive","The decision to publish is one of the most consequential editorial choices in American media history"
28,I Have a Dream (documentary photography),Flip Schulke / Bob Adelman / various,1963,Press photographs,20th Century,Civil Rights Movement; March on Washington,Library of Congress / various,MLK at podium; crowd at the National Mall,Male,Black/African American (King); various (photographers),4/5,March on Washington (1963),"Civil rights; oratory; mass movement; visual documentation","The photographs of the March on Washington — the crowd's scale, the reflecting pool, King at the podium — created the enduring visual record of the movement's peak moment","Library of Congress catalog","Photographic documentation as political artifact"
29,Black Power salute (1968 Olympics photograph),John Dominis (Life Magazine),1968,Press photograph,20th Century,Black Power Movement; Olympic protest,Life Magazine archive / Getty,Tommie Smith and John Carlos raising fists on podium; Peter Norman in solidarity,Male,Black/African American (athletes); White Australian (Norman),5/5,Mexico City Olympics (1968); Black Power Movement,"Protest; Black Power; international solidarity; athletic platform","One of the most reproduced protest photographs in history; Smith and Carlos were suspended from the team; the image became the defining symbol of athlete political protest","Life Magazine archive / Getty Images","Peter Norman (the Australian) wore an Olympic Project for Human Rights badge in solidarity; he was ostracized in Australia"
30,Napalm Girl (The Terror of War),Nick Ut,1972,Press photograph,20th Century,Vietnam War; anti-war movement,AP Archive,Naked nine-year-old Kim Phuc running from napalm attack,Male,Vietnamese (AP photographer),5/5,Vietnam War; public opposition to US military intervention,"War's cost; civilian suffering; anti-war sentiment; press freedom","Won the Pulitzer Prize; credited with turning American public opinion against the Vietnam War; Nixon initially questioned whether it was staged","AP Archive","Kim Phuc survived; she and Ut have maintained a relationship for decades; the photo's publication over nudity objections was a landmark press freedom moment"
31,Execution of a Viet Cong Prisoner,Eddie Adams,1968,Press photograph,20th Century,Vietnam War; Tet Offensive,AP Archive,General Loan shooting prisoner in the head at point blank range,Male,White American (photographer),5/5,Tet Offensive (1968); Vietnam War public opinion shift,"Execution; war's reality; shock; moral ambiguity","Won the Pulitzer Prize; helped turn American public opinion on the war; Adams later said the photo destroyed Loan's life and expressed regret — raises questions of photographic context","AP Archive","Adams said: 'The general killed the Viet Cong; I killed the general with my camera'"
32,Vietnam Veterans Memorial,Maya Lin,1982,Black granite memorial wall,20th Century,Vietnam War memory; national healing,National Mall Washington DC,Reflective black wall with 58,318 names engraved,Female,Asian American (Chinese-American),5/5,Vietnam War; veterans' commemoration,"Memory; grief; democratic naming; healing vs. heroism","Lin's design was controversial — veterans' groups called it a 'black gash of shame'; it became the most visited memorial in Washington and transformed memorial design worldwide","National Mall records","Lin was 21 and a Yale architecture student when she won the competition; her race and gender were weaponized against her design"
33,AIDS Quilt (NAMES Project Memorial Quilt),Multiple makers,1987-ongoing,Fabric quilt panels,20th Century,AIDS crisis; LGBTQ+ rights,NAMES Project Foundation / National Mall,Panels for each AIDS victim; personal names; personal objects,Multiple,Multiple,5/5,AIDS crisis (1980s–1990s); LGBTQ+ rights movement,"Grief; LGBTQ+ visibility; political neglect; collective mourning","First displayed on the National Mall in 1987 with 1,920 panels; by 1992 it covered the entire Mall; made AIDS victims visible to a government that had ignored the epidemic for years","NAMES Project Foundation records","Now has over 50,000 panels; each one is a political act of naming the dead the government refused to count"
34,Silence = Death (ACT UP poster),Avram Finkelstein and collective,1987,Silkscreen poster,20th Century,AIDS crisis; LGBTQ+ political organizing,Various collections / ACT UP archive,Pink triangle on black; text: SILENCE = DEATH,Male,White (Jewish, gay),5/5,AIDS crisis; ACT UP direct action,"LGBTQ+ rights; government inaction; political urgency; visual activism","The pink triangle reclaimed a Nazi symbol (gay men in concentration camps) and redeployed it as a call to activism; became the visual language of AIDS activism globally","ACT UP archive","Designed by six gay men; the Silence = Death Project predated ACT UP; the poster was later adopted by ACT UP"
35,Guerrilla Girls posters (Do Women Have to Be Naked?),Guerrilla Girls,1989,Offset lithograph poster,Contemporary (1970s–present),Feminist activism; museum representation,Various collections,Nude woman with gorilla head; Metropolitan Museum statistics,Female (collective),Multiple,4/5,Feminist art movement; museum gatekeeping,"Gender inequality in art institutions; humor as protest; anonymity; institutional critique","The Guerrilla Girls used billboard and poster tactics to expose the Met's collection demographics (5% women artists, 85% female nudes); transformed how institutions discussed representation","Various collections","Collective used gorilla masks and dead female artists' names as pseudonyms to keep focus on statistics not personalities"
36,The Liberation of Aunt Jemima,Betye Saar,1972,Mixed media assemblage,Contemporary (1970s–present),Black Arts Movement; Black Power; feminist art,Berkeley Art Museum,Aunt Jemima figure holding rifle and grenade; raised fist,Female,Black/African American,5/5,Black Power Movement; Black Arts Movement,"Stereotype reclamation; Black Power; feminist critique; consumer racism","Saar transforms a racist advertising icon into a symbol of Black female resistance; landmark of Black feminist assemblage art; made during the most intense phase of Black Power","Berkeley Art Museum catalog",""
37,I Am a Man (sanitation workers' strike photograph),Ernest C. Withers,1968,Press photograph,20th Century,Civil Rights / Labor movement,Mississippi Valley Collection,Black sanitation workers in Memphis holding 'I Am a Man' signs,Male,Black/African American,5/5,Memphis sanitation strike (1968); MLK assassination,"Labor rights; racial dignity; civil rights; King's final campaign","King was assassinated in Memphis supporting this strike; the 'I Am a Man' signs directly challenged the dehumanization of Black workers; photograph became icon of labor-civil rights intersection","Various archives","Withers was later revealed to have also been an FBI informant — a profound complication to his legacy as a civil rights photographer"
38,Bloody Sunday photographs (Selma),various press photographers,1965,Press photographs,20th Century,Civil Rights Movement; Voting Rights Act,AP / various archives,State troopers attacking peaceful marchers on Edmund Pettus Bridge,Multiple,Multiple (photographers),5/5,Bloody Sunday (March 7 1965); Voting Rights Act (1965),"Voting rights; state violence; nonviolent resistance; media witness","ABC interrupted Judgment at Nuremberg to broadcast footage; the juxtaposition of Nazi atrocity and American state violence shocked the nation; LBJ introduced the Voting Rights Act 8 days later","AP archive","The visual parallel of Nazi and American state violence was unplanned but devastating"
39,Wounded Knee occupation photographs,various documentary photographers,1973,Press photographs,Contemporary (1970s–present),American Indian Movement; Indigenous rights,National Archives / AP,AIM members at Wounded Knee; armed standoff with federal marshals,Multiple,Multiple,4/5,Wounded Knee occupation (1973); AIM; Indigenous rights movement,"Indigenous sovereignty; treaty rights; occupation; media strategy","AIM chose Wounded Knee (site of the 1890 massacre) deliberately; the 71-day occupation and its photographs forced national conversation on treaty rights and Indigenous sovereignty","AP / National Archives","Photography as media strategy by AIM; they understood the power of the site's symbolism"
40,Times Up and MeToo visual movement (Tarana Burke / protest imagery),Various artists/photographers,2017-2018,Mixed media (posters; social media; protest art),Contemporary (1970s–present),MeToo movement; sexual harassment accountability,Various,Women in black at Golden Globes; protest signs; survivor portraits,Multiple,Multiple,4/5,MeToo movement (2017); Times Up,"Women's rights; sexual violence; accountability; collective action","The visual culture of MeToo — black dresses at award shows, protest signs, social media graphics — constitutes a political art movement using image to shift cultural power","Various archives","Tarana Burke founded MeToo in 2006; the movement's 2017 viral moment was amplified by visual solidarity actions"
41,Hope (Obama campaign poster),Shepard Fairey,2008,Stencil/screen print,Contemporary (1970s–present),2008 presidential election,Various collections / Smithsonian,Barack Obama in red/blue/beige; word HOPE below,Male,White,5/5,2008 presidential election; Barack Obama campaign,"Electoral politics; visual identity; grassroots art; image as campaign tool","Became the defining image of the 2008 Obama campaign and one of the most reproduced political artworks in American history; later entangled in copyright controversy over the AP source photograph","Smithsonian / various","Fairey settled with the AP over the source photograph; the case became landmark in copyright and political art"
42,Portrait of Barack Obama,Kehinde Wiley,2018,Oil on canvas,Contemporary (1970s–present),First Black president; official portraiture,National Portrait Gallery,Obama seated amid flowering plants,Male,Black/African American,5/5,Obama presidency; representation in American institutions,"Black representation; presidential canon; art historical revisionism","First presidential portrait by a Black artist in the National Portrait Gallery; transformed a 200-year tradition of white male official portraiture; the floral background references power and non-Western aesthetic traditions","National Portrait Gallery catalog",""
43,Portrait of Michelle Obama,Amy Sherald,2018,Oil on canvas,Contemporary (1970s–present),First Black First Lady; official portraiture,National Portrait Gallery,Michelle Obama in billowing pale blue dress,Female,Black/African American,5/5,Obama presidency; representation in American institutions,"Black womanhood; dignity; portraiture history; grisaille skin","First Black woman to paint an official White House portrait; Sherald's use of grisaille (gray) skin tones makes Blackness a category rather than a color — a deliberate philosophical statement","National Portrait Gallery catalog",""
44,Untitled (I Can't Breathe),Kara Walker / community murals (multiple artists),2014-2020,Various (mural; print; installation),Contemporary (1970s–present),Black Lives Matter; police violence,Various,Text; George Floyd; Eric Garner; protest imagery,Multiple,Multiple (predominantly Black artists),5/5,Deaths of Eric Garner (2014) and George Floyd (2020); BLM movement,"Police violence; racial justice; mourning; protest art","The phrase 'I Can't Breathe' became a visual and political refrain across murals, prints, and protest signs nationally; BLM visual culture constitutes one of the largest grassroots art movements in American history","Various","Umbrella entry for BLM visual culture; specific works could be disaggregated"
45,George Floyd Memorial Mural (Minneapolis),Xena Goldman / Cadex Herrera / Greta McLain,2020,Street mural,Contemporary (1970s–present),George Floyd murder; BLM movement,38th and Chicago Ave Minneapolis,George Floyd portrait; flowers; 'I Can't Breathe',Multiple,Multiple (Black and allied artists),5/5,Murder of George Floyd (2020); BLM global protests,"Mourning; public space; community memorial; protest","The mural at the site of Floyd's murder became a global pilgrimage site; its imagery was reproduced on every continent; demonstrates how street art became the primary visual language of contemporary political protest","Public record","Site became known as George Floyd Square; the mural has been repainted and maintained by the community"
46,The Dinner Party,Judy Chicago,1974-1979,Mixed media ceramic/textile installation,Contemporary (1970s–present),Second-wave feminism; women's history,Brooklyn Museum,"Triangular table; 39 place settings for historical women; 999 names on floor",Female,White (Jewish-American),5/5,Second-wave feminism; women's history movement,"Women's history; craft as fine art; feminist canon-making; sexual iconography","The most politically programmatic major artwork of second-wave feminism; forced art institutions to grapple with what 'women's history' means and who gets commemorated; rejected by multiple museums before Brooklyn","Brooklyn Museum catalog","The explicit vulvar imagery on place settings caused significant controversy; several universities refused to house it"
47,Your Body Is a Battleground,Barbara Kruger,1989,Photographic silkscreen,Contemporary (1970s–present),Abortion rights; Roe v. Wade context,Broad Museum,Split positive/negative female face; text overlay,Female,White,5/5,1989 reproductive rights march on Washington; Roe v. Wade,"Reproductive rights; female body as political site; advertising aesthetics","Created specifically for the April 1989 march in Washington for reproductive rights; its advertising aesthetic made it reproducible across protest contexts; text treats the female body as contested political territory","Broad Museum catalog",""
48,Chicano Park Murals (San Diego),Various Chicano artists,1970-ongoing,Exterior murals on freeway pylons,Contemporary (1970s–present),Chicano movement; community displacement,Chicano Park San Diego CA,"Aztec imagery; labor history; Cesar Chavez; Brown Berets; community history",Multiple,Chicano/Latino,4/5,Chicano movement (1969–1970s); community organizing against urban renewal,"Chicano identity; labor rights; Indigenous heritage; community resistance","Created after activists occupied land slated for a highway patrol parking lot; the murals transformed freeway infrastructure into the most important outdoor Chicano art site in the US","City of San Diego / Chicano Park Steering Committee records","National Historic Landmark since 2016; still being painted"
49,Migrant farmworker photographs (Cesar Chavez / UFW),various (including Jon Lewis),1960s-1970s,Press and documentary photographs,Contemporary (1970s–present),United Farm Workers; labor rights; Chicano movement,Walter P. Reuther Library / various,Farmworkers; picket lines; Cesar Chavez; grape boycott,Multiple,Multiple (Chicano and allied),4/5,United Farm Workers strikes (1965–1970); grape and lettuce boycotts,"Labor rights; immigration; dignity; nonviolent protest","The visual documentation of UFW campaigns — picket lines, the black eagle flag, hunger strikes — built national support for the boycott; photographs put faces on the hidden labor of food production","Walter P. Reuther Library",""
50,Piss Christ,Andres Serrano,1987,Cibachrome photograph,Contemporary (1970s–present),Culture wars; First Amendment; NEA funding debate,Various collections,Crucifix submerged in artist's urine; amber glow,Male,Black/Afro-Latino (Cuban-American),4/5,NEA culture wars (1989–1990); First Amendment debate,"Religious freedom; government arts funding; censorship; sacred vs. profane","Senator Jesse Helms used the work to argue against NEA funding; it became the flashpoint of the 1980s–90s culture wars over government arts funding and free expression; the work itself barely changed — the political controversy is the history","Various collections","The photograph was physically attacked in France in 2011 by Christian fundamentalists"
51,The Two Undiscovered Amerindians,Coco Fusco and Guillermo Gómez-Peña,1992,Performance/photography,Contemporary (1970s–present),Columbus quincentenary; Indigenous rights; colonial gaze,Various documentation,"Two artists in cage, presented as 'undiscovered' Indigenous people from a fictional island",Female / Male,Latina / Latino (Cuban / Mexican-American),5/5,Columbus quincentenary (1992); Indigenous rights discourse,"Colonial gaze; museum complicity; performative critique; Indigenous dehumanization","Performed in museums worldwide; many audience members believed the performers were real; the performance exposed audiences' willingness to accept the dehumanizing display of non-white bodies as natural","Various documentation","The discomfort of audiences who didn't realize it was performance is itself the political data"
52,We Are All Suspects (post-9/11 visual culture),Various artists / designers,2001-2003,Posters; street art; digital,Contemporary (1970s–present),Post-9/11 surveillance; Patriot Act; racial profiling,Various,"Surveillance cameras; Muslim figures; airport security imagery",Multiple,Multiple,4/5,September 11 attacks (2001); Patriot Act; War on Terror,"Civil liberties; Islamophobia; surveillance state; racial profiling","Post-9/11 visual culture — posters, murals, street art, protest graphics — documented and contested the rapid expansion of surveillance and the targeting of Muslim Americans","Various archives","Umbrella entry for post-9/11 political visual culture"
53,Homeland Security Blanket,Nicholas Galanin,2019,Woven blanket,Contemporary (1970s–present),Indigenous rights; border security; settler colonialism,Various,Thermal emergency blanket design woven in Tlingit style with 'HOMELAND SECURITY' text,Male,Tlingit / Unangan (Indigenous),5/5,US immigration detention; Indigenous sovereignty; border politics,"Settler colonialism; immigration; Indigenous land; historical irony","Galanin weaves the mylar emergency blankets used to wrap detained migrants (including Indigenous migrants) in traditional Tlingit weaving patterns; the phrase 'Homeland Security' applied to Indigenous art inverts its entire meaning","Various collections","One of the most conceptually precise political artworks of the contemporary period"
54,Ghost Army visual deception program,Ghost Army soldiers / artists,1944,Inflatable tanks; sound deception; visual camouflage,20th Century,WWII military strategy; art in service of war,National Archives / Ghost Army Legacy Project,"Inflatable Sherman tanks; fake unit insignia; deceptive radio traffic",Male,White (mostly),4/5,WWII European theater; Operation Fortitude,"Art and war; deception; visual illusion; classified history","The Ghost Army was largely composed of artists, designers, and creative professionals who used visual deception to fool the German army; classified for 40+ years; extraordinary story of artists as military strategists","National Archives / Ghost Army Legacy Project","Congress awarded the Ghost Army the Congressional Gold Medal in 2022"
55,The Trail of Tears (painting series),Robert Lindneux,1942,Oil on canvas,20th Century,Indian Removal retrospective,Woolaroc Museum Oklahoma,Thousands of Cherokee marching; soldiers; winter,Male,White,3/5,Indian Removal Act (1830); Trail of Tears,"Indigenous displacement; genocide; forced march","Painted a century after the event; became the standard visual reference for the Trail of Tears in textbooks; its retrospective nature raises questions of who gets to visualize others' trauma","Woolaroc Museum catalog","The most widely reproduced Trail of Tears image despite being painted 112 years after the event by a white artist"
56,Totem poles and Indigenous visual sovereignty (documentation),Various Indigenous artists; documented by Edward Curtis and others,1900s-present,Carved cedar; documentary photography,Colonial & Revolutionary (context),Indigenous cultural survival; cultural erasure; sovereignty,Various (Smithsonian; Northwest Coast communities),Totem poles; ceremonial objects; community gatherings,Multiple,Multiple Indigenous nations,4/5,Potlatch Ban (1885–1951 Canada); American Indian Religious Freedom Act (1978),"Cultural survival; sovereignty; artistic resistance to assimilation","The banning of potlatches and ceremonial art was a direct political act; the survival and revival of Northwest Coast art is a political story of resistance; Curtis's documentary photography simultaneously preserved and aestheticized Indigenous culture","Smithsonian / various community archives","The Potlatch Ban is a Canadian policy but its logic directly informed US Indian boarding school cultural suppression"
57,The Black Panther newspaper illustrations,Emory Douglas,1967-1980,Offset lithograph illustrations,Contemporary (1970s–present),Black Power; Black Panther Party,Michigan State University archive / various,"Armed Black figures; pigs as police; community food programs; revolutionary imagery",Male,Black/African American,5/5,Black Panther Party (1966–1982); Black Power movement,"Black Power; revolutionary iconography; community organizing; press as weapon","Douglas served as Minister of Culture for the Black Panthers; his illustrations in the Party newspaper reached hundreds of thousands weekly; he invented the visual language of Black Power","Michigan State University / various","The newspaper had a circulation of ~100,000 at its peak; Douglas influenced generations of political graphic artists globally"
58,Chicano moratorium photographs,Oscar Castillo / various,1970,Press photographs,Contemporary (1970s–present),Vietnam War; Chicano antiwar movement; police violence,Los Angeles Times / various archives,Chicano antiwar demonstrators; police tear gas; Ruben Salazar,Male,Multiple (Chicano photographers),4/5,Chicano Moratorium (August 29 1970); Ruben Salazar killing,"Vietnam War opposition; Chicano rights; police violence; press freedom","The largest Chicano demonstration in US history; reporter Ruben Salazar was killed by sheriff's deputies; photographs documented both the movement and the state violence that ended it","LA Times archive","Salazar was a prominent journalist; his killing by police during the demonstration shaped Chicano political consciousness"
59,Raising the Flag on Iwo Jima,Joe Rosenthal,1945,Press photograph,20th Century,WWII; national morale,AP Archive / National Archives,Six Marines raising flag on Mount Suribachi,Male,White (Rosenthal); Multiple (Marines),5/5,Battle of Iwo Jima (1945); WWII Pacific theater,"National heroism; sacrifice; collective effort; war morale","Won the Pulitzer Prize the same year it was taken (the only photo to do so); used immediately for the 7th War Loan Drive; became the basis for the Marine Corps War Memorial; one of the most reproduced photographs in history","AP Archive","Three of the six flag-raisers died in subsequent Iwo Jima fighting; one Marine was misidentified for decades"
60,Dorothea Lange's Japanese internment photographs (confiscated series),Dorothea Lange,1942,Gelatin silver photographs,20th Century,Japanese American internment; government suppression of evidence,National Archives,Families lined up for forced removal; Manzanar life; watch towers,Female,White,5/5,Executive Order 9066 (1942); Japanese American incarceration,"Civil liberties; racial targeting; state suppression of truth; documentary ethics","The Army confiscated Lange's photographs because they were too sympathetic to the internees; they were released after the war and became key evidence in the redress movement and eventual government apology","National Archives","Separate entry from Item 22 focusing on the censorship/suppression dimension"
61,With Liberty and Justice for All (suffrage and 19th Amendment visual culture),Various illustrators,1848-1920,Political cartoons; posters; broadsides,20th Century,Women's suffrage movement,Library of Congress / various,Women at polling places; anti-suffrage cartoons; suffrage parades,Multiple,White (predominantly),4/5,19th Amendment (1920); Women's suffrage,"Women's rights; voting; gender and citizenship; visual debate","The visual culture of the suffrage movement — banners, posters, political cartoons both for and against — constitutes a 70-year argument about democracy conducted through images","Library of Congress catalog","Complementary to Jasmitha's women's suffrage dataset; focuses on visual artifacts"
62,Anti-Vietnam War protest posters (Peace movement visual culture),Various designers including Corita Kent,1965-1975,Silkscreen posters; offset lithographs,20th Century,Vietnam War; antiwar movement,Various (Smithsonian; MOMA; private),Doves; napalm imagery; body counts; draft cards,Multiple,Multiple,4/5,Vietnam War antiwar movement; Kent State (1970),"Antiwar activism; peace; draft resistance; visual counterculture","The antiwar movement produced some of the most innovative political graphic design in American history; Corita Kent's use of commercial aesthetics for antiwar messages anticipated later political art strategies","Smithsonian / MoMA catalog","Corita Kent (Sister Corita) was a Catholic nun and art teacher whose work reached millions"
63,Kent State photograph (May 4 1970),John Filo,1970,Press photograph,20th Century,Vietnam War; Kent State massacre; student protest,AP Archive / Valley Daily News,Mary Ann Vecchio kneeling over Jeffrey Miller's body; anguish,Male,White,5/5,Kent State massacre (May 4 1970); Cambodia invasion protests,"Student protest; state violence; antiwar movement; grief","Won the Pulitzer Prize; appeared on front pages worldwide the next day; gave Crosby Stills Nash & Young their song 'Ohio'; directly increased antiwar protests nationally","AP Archive / Valley Daily News","Vecchio was a 14-year-old runaway; she was later hounded and harassed in her home state of Florida"
64,The 1619 Project cover art,Nikole Hannah-Jones / NYT Magazine design,2019,Magazine cover photography/design,Contemporary (1970s–present),American founding mythology; slavery's centrality,New York Times Magazine,Slave ship detail on cover; 1619 masthead,Multiple,Multiple,4/5,1619 Project publication (2019); debates over slavery in American founding,"Historical memory; slavery; American founding; curriculum politics","The visual presentation of the 1619 Project — cover art, photo essays, layout — made a historiographical argument about America's true founding date; triggered national curriculum debates and a Pulitzer Prize","New York Times Magazine","The project's visual choices were as deliberate as its text; the cover image (a detail of a slave ship) made a political argument before the reader opened the magazine"
65,March on Washington photographs (1963),various (Bob Adelman; Charles Moore; Flip Schulke),1963,Press photographs,20th Century,Civil Rights Movement; March on Washington,Library of Congress / various,"Crowd of 250,000; Lincoln Memorial; MLK at podium; integrated masses",Male,Multiple (Black and white photographers),5/5,March on Washington for Jobs and Freedom (August 28 1963),"Civil rights; mass protest; integration; the Mall as political space","The photographs of the March established the National Mall as the stage for American democratic protest; the scale of the crowd — photographed from the Washington Monument — became proof of movement strength","Library of Congress","The integration visible in the crowd was itself a political statement; photographers documented both the speakers and the sea of people"
66,Ferguson protest murals and protest art,Various community and professional artists,2014-2015,Street murals; protest signs; social media,Contemporary (1970s–present),Ferguson uprising; Black Lives Matter founding,Ferguson MO / national,Michael Brown; hands up don't shoot; community grief and rage,Multiple,Black/African American (predominantly),5/5,Murder of Michael Brown (2014); Ferguson uprising; BLM founding,"Police violence; Black Lives Matter; community art; protest as memorial","The 'Hands Up Don't Shoot' gesture became a visual language before it became a slogan; Ferguson protest art founded the visual vocabulary of the BLM movement","Various community archives","The gesture spread globally; its visual simplicity made it infinitely reproducible"
67,Black Lives Matter street mural (Washington DC),Various artists commissioned by DC Mayor Muriel Bowser,2020,Street painting,Contemporary (1970s–present),George Floyd protests; BLM; government response to protest,16th Street NW Washington DC,Giant yellow 'BLACK LIVES MATTER' letters on street leading to White House,Multiple,Multiple,4/5,George Floyd protests (2020); BLM movement,"Public space; political statement; government co-optation; visual power","DC Mayor had the mural painted on the street leading to the White House; BLM organizers added 'Defund the Police' nearby; the tension between official and activist versions of the same space is itself a political argument","Washington DC public records","The mural was later extended and made permanent; contested as co-optation vs. endorsement by different BLM factions"
68,Equal Justice Initiative lynching memorial (documentation),Bryan Stevenson / MASS Design Group,2018,Steel monuments; architectural space,Contemporary (1970s–present),Racial terror; lynching history; restorative justice,National Memorial for Peace and Justice Montgomery AL,Steel monuments for each county where lynchings occurred; hanging steel; names engraved,Multiple,Multiple (EJI team),5/5,History of racial terror lynching in America; contemporary racial justice,"Memory; racial terror; public accounting; memorial design","The National Memorial is the first major American memorial to victims of racial terror lynching; its design — steel monuments that evoke hanging bodies — was a political and architectural choice that refuses comfort","EJI records","The EJI left duplicate monuments for counties to claim and install locally; most counties have not claimed them — itself a political fact"
69,We Shall Overcome (visual documentation of the song and its use),Various documentary photographers,1963-1965,Documentary photographs,20th Century,Civil Rights Movement; interracial solidarity,Library of Congress / various,Demonstrators linking arms and singing; marches; funerals,Multiple,Multiple,4/5,Civil Rights Movement broadly; Selma; Birmingham,"Song as visual-political symbol; solidarity; nonviolent protest","The image of hands linked while singing 'We Shall Overcome' became a universal visual symbol of nonviolent resistance; photographs of it at marches, funerals, and confrontations constituted a visual theology of the movement","Library of Congress catalog","The song itself has a complex history from gospel to labor movement to civil rights"
70,The Farm Security Administration photo archive (as a whole),Dorothea Lange; Walker Evans; Gordon Parks; others,1935-1942,Gelatin silver photographs (large archive),20th Century,New Deal; Great Depression documentation; poverty politics,Library of Congress,Rural poverty; sharecroppers; Dust Bowl; migrant camps; Black poverty,Multiple,Multiple (white and Black photographers),5/5,New Deal (1933–1938); Great Depression politics,"Government photography as political instrument; poverty visibility; documentary ethics","The FSA archive was created to build political support for New Deal programs; it is simultaneously the greatest documentary photography project in American history and an example of government-directed image production","Library of Congress catalog","Gordon Parks joined the FSA and created foundational images of Black American life; his work expands the archive beyond its initial white rural focus"
71,American Progress,John Gast,1872,Oil on canvas,Civil War & Reconstruction (era),Manifest Destiny; westward expansion ideology,Autry Museum Los Angeles,Angelic Columbia figure floating west; telegraph wire; settlers following; Native peoples and animals fleeing before her,Male,White (German-American),5/5,Manifest Destiny ideology; westward expansion; Indian Removal,"Manifest Destiny; settler colonialism; racial hierarchy; progress ideology","Widely reproduced as chromolithograph; became the defining visual statement of Manifest Destiny ideology; the fleeing Native Americans and animals in the 'darkness' of the west made white supremacist expansion look divinely ordained","Autry Museum catalog","Commissioned by George Crofutt for his travel guide; instantly mass-reproduced; shaped how millions of Americans understood westward expansion"
72,Bury My Heart at Wounded Knee (documentary photographs of 1890 massacre aftermath),US Army photographers,1891,Photographs,Civil War & Reconstruction,Wounded Knee Massacre; Indian Wars,National Archives,Mass grave; frozen Lakota bodies; Big Foot among the dead,Male,White (US Army),5/5,Wounded Knee Massacre (December 29 1890),"Indigenous genocide; US military violence; end of Indian Wars","The Army's own photographs of the mass grave became evidence of the massacre; they were suppressed for decades but when published in the 1970s they fueled AIM and the American Indian Movement's political arguments","National Archives","Some soldiers received the Medal of Honor for Wounded Knee; a campaign to rescind these medals has been ongoing"
73,The Jungle (visual adaptations and illustrations),Various illustrators for Upton Sinclair's novel,1906,Book illustrations; political cartoons,20th Century,Progressive Era; meatpacking industry; labor and immigration,Library of Congress / various,Meatpacking workers; contaminated food; immigrant labor,Multiple,Multiple,4/5,Pure Food and Drug Act (1906); meatpacking regulation; Progressive Era,"Labor exploitation; immigration; food safety; corporate power","Sinclair wrote The Jungle to expose the exploitation of immigrant workers; readers responded to the food contamination descriptions instead; visual adaptations amplified both messages; the book directly led to the Pure Food and Drug Act","Library of Congress / various","Sinclair said: 'I aimed at the public's heart and by accident hit it in the stomach'"
74,Fallen Astronauts memorial and Space Race visual culture,Various (NASA; Life Magazine),1969-1972,Press photographs; NASA imagery,20th Century,Space Race; Cold War; NASA program,NASA archives / Life Magazine,"Buzz Aldrin on the moon; earthrise photograph; Apollo 1 memorial",Multiple,White (predominantly; early astronauts),4/5,Apollo 11 moon landing (1969); Apollo 1 fire (1967); Cold War,"American achievement; Cold War competition; technological nationalism; sacrifice","The Earthrise photograph (William Anders 1968) and the moon landing images became the most politically potent symbols of American Cold War supremacy; they also produced a new vision of Earth as fragile and unified","NASA archives","Earthrise is sometimes credited with inspiring the first Earth Day (1970) and the environmental movement"
75,Untitled (Perfect Lovers),Felix Gonzalez-Torres,1987-1990,Two synchronized clocks,Contemporary (1970s–present),AIDS crisis; LGBTQ+ love and loss; Reagan-era neglect,Various (MoMA and others),Two identical round clocks side by side; synchronized; slowly falling out of sync,Male,White Cuban (gay; died of AIDS),5/5,AIDS crisis; LGBTQ+ rights; Reagan administration's silence,"Love; loss; time; political neglect; grief","Made as Gonzalez-Torres's partner Ross died of AIDS; the clocks slowly fall out of sync as their batteries die at different rates; the piece is simultaneously a love poem and an indictment of the government that let Ross die; Gonzalez-Torres himself died of AIDS in 1996","MoMA catalog","One of the most politically devastating artworks of the late 20th century in its restraint; the politics are entirely in what the viewer knows about its context"
